{
    "name": "root",
    "gauges": {
        "MoveToGoal.Policy.Entropy.mean": {
            "value": 1.3906739950180054,
            "min": 1.3906739950180054,
            "max": 1.4092655181884766,
            "count": 3
        },
        "MoveToGoal.Policy.Entropy.sum": {
            "value": 69400.1953125,
            "min": 69400.1953125,
            "max": 70711.3046875,
            "count": 3
        },
        "MoveToGoal.Environment.EpisodeLength.mean": {
            "value": 33.22761449077239,
            "min": 11.35121107266436,
            "max": 33.22761449077239,
            "count": 3
        },
        "MoveToGoal.Environment.EpisodeLength.sum": {
            "value": 48612.0,
            "min": 45927.0,
            "max": 48612.0,
            "count": 3
        },
        "MoveToGoal.Step.mean": {
            "value": 149995.0,
            "min": 49994.0,
            "max": 149995.0,
            "count": 3
        },
        "MoveToGoal.Step.sum": {
            "value": 149995.0,
            "min": 49994.0,
            "max": 149995.0,
            "count": 3
        },
        "MoveToGoal.Policy.ExtrinsicValueEstimate.mean": {
            "value": 0.7173441648483276,
            "min": -7.603357791900635,
            "max": 0.7173441648483276,
            "count": 3
        },
        "MoveToGoal.Policy.ExtrinsicValueEstimate.sum": {
            "value": 1073.1468505859375,
            "min": -31029.302734375,
            "max": 1073.1468505859375,
            "count": 3
        },
        "MoveToGoal.Environment.CumulativeReward.mean": {
            "value": 0.9644565960355435,
            "min": -0.9967861557478368,
            "max": 0.9644565960355435,
            "count": 3
        },
        "MoveToGoal.Environment.CumulativeReward.sum": {
            "value": 1411.0,
            "min": -4032.0,
            "max": 1411.0,
            "count": 3
        },
        "MoveToGoal.Policy.ExtrinsicReward.mean": {
            "value": 0.9644565960355435,
            "min": -0.9967861557478368,
            "max": 0.9644565960355435,
            "count": 3
        },
        "MoveToGoal.Policy.ExtrinsicReward.sum": {
            "value": 1411.0,
            "min": -4032.0,
            "max": 1411.0,
            "count": 3
        },
        "MoveToGoal.Losses.PolicyLoss.mean": {
            "value": 0.024588257488794625,
            "min": 0.023112672944553193,
            "max": 0.024588257488794625,
            "count": 3
        },
        "MoveToGoal.Losses.PolicyLoss.sum": {
            "value": 0.12294128744397312,
            "min": 0.09335872041216742,
            "max": 0.12294128744397312,
            "count": 3
        },
        "MoveToGoal.Losses.ValueLoss.mean": {
            "value": 0.0182609928616633,
            "min": 0.0182609928616633,
            "max": 14.309341236048686,
            "count": 3
        },
        "MoveToGoal.Losses.ValueLoss.sum": {
            "value": 0.0913049643083165,
            "min": 0.0913049643083165,
            "max": 57.237364944194745,
            "count": 3
        },
        "MoveToGoal.Policy.LearningRate.mean": {
            "value": 0.00022611962462679998,
            "min": 0.00022611962462679998,
            "max": 0.00028462380512539996,
            "count": 3
        },
        "MoveToGoal.Policy.LearningRate.sum": {
            "value": 0.001130598123134,
            "min": 0.001130598123134,
            "max": 0.0012847524717491995,
            "count": 3
        },
        "MoveToGoal.Policy.Epsilon.mean": {
            "value": 0.1753732,
            "min": 0.1753732,
            "max": 0.19487460000000004,
            "count": 3
        },
        "MoveToGoal.Policy.Epsilon.sum": {
            "value": 0.876866,
            "min": 0.7794984000000001,
            "max": 0.9282507999999998,
            "count": 3
        },
        "MoveToGoal.Policy.Beta.mean": {
            "value": 0.0037711226800000003,
            "min": 0.0037711226800000003,
            "max": 0.0047442425400000005,
            "count": 3
        },
        "MoveToGoal.Policy.Beta.sum": {
            "value": 0.018855613400000002,
            "min": 0.018855613400000002,
            "max": 0.021419714919999992,
            "count": 3
        },
        "MoveToGoal.IsTraining.mean": {
            "value": 1.0,
            "min": 1.0,
            "max": 1.0,
            "count": 3
        },
        "MoveToGoal.IsTraining.sum": {
            "value": 1.0,
            "min": 1.0,
            "max": 1.0,
            "count": 3
        }
    },
    "metadata": {
        "timer_format_version": "0.1.0",
        "start_time_seconds": "1744396747",
        "python_version": "3.10.0 (tags/v3.10.0:b494f59, Oct  4 2021, 19:00:18) [MSC v.1929 64 bit (AMD64)]",
        "command_line_arguments": "C:\\Users\\Ben\\Documents\\GitHub\\CS4210-Group-Project\\mlagents-env\\Scripts\\mlagents-learn --run-id=MoveToGoal2",
        "mlagents_version": "0.30.0",
        "mlagents_envs_version": "0.30.0",
        "communication_protocol_version": "1.5.0",
        "pytorch_version": "2.6.0+cpu",
        "numpy_version": "1.21.2",
        "end_time_seconds": "1744396970"
    },
    "total": 222.55584159999853,
    "count": 1,
    "self": 0.005318299998180009,
    "children": {
        "run_training.setup": {
            "total": 0.017708600000332808,
            "count": 1,
            "self": 0.017708600000332808
        },
        "TrainerController.start_learning": {
            "total": 222.53281470000002,
            "count": 1,
            "self": 0.3282283001608448,
            "children": {
                "TrainerController._reset_env": {
                    "total": 9.48134620000019,
                    "count": 1,
                    "self": 9.48134620000019
                },
                "TrainerController.advance": {
                    "total": 212.63100189983925,
                    "count": 17956,
                    "self": 0.2858124998456333,
                    "children": {
                        "env_step": {
                            "total": 174.2551279999334,
                            "count": 17956,
                            "self": 166.85728099990047,
                            "children": {
                                "SubprocessEnvManager._take_step": {
                                    "total": 7.204867400070725,
                                    "count": 17957,
                                    "self": 0.5923746001262771,
                                    "children": {
                                        "TorchPolicy.evaluate": {
                                            "total": 6.612492799944448,
                                            "count": 11098,
                                            "self": 6.612492799944448
                                        }
                                    }
                                },
                                "workers": {
                                    "total": 0.19297959996220015,
                                    "count": 17955,
                                    "self": 0.0,
                                    "children": {
                                        "worker_root": {
                                            "total": 114.48379589976503,
                                            "count": 17955,
                                            "is_parallel": true,
                                            "self": 62.3773769996933,
                                            "children": {
                                                "steps_from_proto": {
                                                    "total": 0.0005923999997321516,
                                                    "count": 2,
                                                    "is_parallel": true,
                                                    "self": 0.0001995999991777353,