{
    "name": "root",
    "gauges": {
        "ChaserAgent.Policy.Entropy.mean": {
            "value": 1.563228726387024,
            "min": 1.4189382791519165,
            "max": 1.5660591125488281,
            "count": 50
        },
        "ChaserAgent.Policy.Entropy.sum": {
            "value": 15611.96484375,
            "min": 14202.1533203125,
            "max": 15709.853515625,
            "count": 50
        },
        "ChaserAgent.Step.mean": {
            "value": 499973.0,
            "min": 9945.0,
            "max": 499973.0,
            "count": 50
        },
        "ChaserAgent.Step.sum": {
            "value": 499973.0,
            "min": 9945.0,
            "max": 499973.0,
            "count": 50
        },
        "ChaserAgent.Policy.ExtrinsicValueEstimate.mean": {
            "value": -0.25679150223731995,
            "min": -0.2657768130302429,
            "max": 5.090673446655273,
            "count": 50
        },
        "ChaserAgent.Policy.ExtrinsicValueEstimate.sum": {
            "value": -54.439796447753906,
            "min": -55.54735565185547,
            "max": 1084.3134765625,
            "count": 50
        },
        "ChaserAgent.Environment.EpisodeLength.mean": {
            "value": 147.75,
            "min": 109.16483516483517,
            "max": 178.83636363636364,
            "count": 50
        },
        "ChaserAgent.Environment.EpisodeLength.sum": {
            "value": 10047.0,
            "min": 9765.0,
            "max": 10138.0,
            "count": 50
        },
        "ChaserAgent.Environment.CumulativeReward.mean": {
            "value": -0.43375005069024425,
            "min": -0.7477679187431931,
            "max": 0.1081608830597894,
            "count": 50
        },
        "ChaserAgent.Environment.CumulativeReward.sum": {
            "value": -29.495003446936607,
            "min": -41.875003449618816,
            "max": 9.409996826201677,
            "count": 50
        },
        "ChaserAgent.Policy.ExtrinsicReward.mean": {
            "value": -0.43375005069024425,
            "min": -0.7477679187431931,
            "max": 0.1081608830597894,
            "count": 50
        },
        "ChaserAgent.Policy.ExtrinsicReward.sum": {
            "value": -29.495003446936607,
            "min": -41.875003449618816,
            "max": 9.409996826201677,
            "count": 50
        },
        "ChaserAgent.IsTraining.mean": {
            "value": 1.0,
            "min": 1.0,
            "max": 1.0,
            "count": 50
        },
        "ChaserAgent.IsTraining.sum": {
            "value": 1.0,
            "min": 1.0,
            "max": 1.0,
            "count": 50
        },
        "EvaderAgent.Policy.Entropy.mean": {
            "value": 1.6043319702148438,
            "min": 1.41776704788208,
            "max": 1.6054587364196777,
            "count": 50
        },
        "EvaderAgent.Policy.Entropy.sum": {
            "value": 16022.462890625,
            "min": 14183.341796875,
            "max": 16121.908203125,
            "count": 50
        },
        "EvaderAgent.Step.mean": {
            "value": 499973.0,
            "min": 9945.0,
            "max": 499973.0,
            "count": 50
        },
        "EvaderAgent.Step.sum": {
            "value": 499973.0,
            "min": 9945.0,
            "max": 499973.0,
            "count": 50
        },
        "EvaderAgent.Policy.ExtrinsicValueEstimate.mean": {
            "value": 0.5701596736907959,
            "min": 0.5701596736907959,
            "max": 14.610844612121582,
            "count": 50
        },
        "EvaderAgent.Policy.ExtrinsicValueEstimate.sum": {
            "value": 120.87384796142578,
            "min": 120.87384796142578,
            "max": 3129.7080078125,
            "count": 50
        },
        "EvaderAgent.Environment.EpisodeLength.mean": {
            "value": 147.75,
            "min": 109.16483516483517,
            "max": 178.83636363636364,
            "count": 50
        },
        "EvaderAgent.Environment.EpisodeLength.sum": {
            "value": 10047.0,
            "min": 9765.0,
            "max": 10138.0,
            "count": 50
        },
        "EvaderAgent.Environment.CumulativeReward.mean": {
            "value": 0.43375005069024425,
            "min": -0.1081608830597894,
            "max": 0.7477679187431931,
            "count": 50
        },
        "EvaderAgent.Environment.CumulativeReward.sum": {
            "value": 29.495003446936607,
            "min": -9.409996826201677,
            "max": 41.875003449618816,
            "count": 50
        },
        "EvaderAgent.Policy.ExtrinsicReward.mean": {
            "value": 0.43375005069024425,
            "min": -0.1081608830597894,
            "max": 0.7477679187431931,
            "count": 50
        },
        "EvaderAgent.Policy.ExtrinsicReward.sum": {
            "value": 29.495003446936607,
            "min": -9.409996826201677,
            "max": 41.875003449618816,
            "count": 50
        },
        "EvaderAgent.IsTraining.mean": {
            "value": 1.0,
            "min": 1.0,
            "max": 1.0,
            "count": 50
        },
        "EvaderAgent.IsTraining.sum": {
            "value": 1.0,
            "min": 1.0,
            "max": 1.0,
            "count": 50
        },
        "ChaserAgent.Losses.PolicyLoss.mean": {
            "value": 0.0990968931310295,
            "min": 0.09165480476061001,
            "max": 0.21141829694755734,
            "count": 41
        },
        "ChaserAgent.Losses.PolicyLoss.sum": {
            "value": 0.0990968931310295,
            "min": 0.09165480476061001,
            "max": 0.21141829694755734,
            "count": 41
        },
        "ChaserAgent.Losses.ValueLoss.mean": {
            "value": 0.01662400891737689,
            "min": 0.00850342715849294,
            "max": 1.0907628053862355,
            "count": 41
        },
        "ChaserAgent.Losses.ValueLoss.sum": {
            "value": 0.01662400891737689,
            "min": 0.00850342715849294,
            "max": 1.0907628053862355,
            "count": 41
        },
        "ChaserAgent.Policy.LearningRate.mean": {
            "value": 3.910898696400014e-06,
            "min": 3.910898696400014e-06,
            "max": 0.00029278320240560006,
            "count": 41
        },
        "ChaserAgent.Policy.LearningRate.sum": {
            "value": 3.910898696400014e-06,
            "min": 3.910898696400014e-06,
            "max": 0.00029278320240560006,
            "count": 41
        },
        "ChaserAgent.Policy.Epsilon.mean": {
            "value": 0.10130360000000002,
            "min": 0.10130360000000002,
            "max": 0.19759440000000003,
            "count": 41
        },
        "ChaserAgent.Policy.Epsilon.sum": {
            "value": 0.10130360000000002,
            "min": 0.10130360000000002,
            "max": 0.19759440000000003,
            "count": 41
        },
        "ChaserAgent.Policy.Beta.mean": {
            "value": 7.504964000000024e-05,
            "min": 7.504964000000024e-05,
            "max": 0.00487996056,
            "count": 41
        },
        "ChaserAgent.Policy.Beta.sum": {
            "value": 7.504964000000024e-05,
            "min": 7.504964000000024e-05,
            "max": 0.00487996056,
            "count": 41
        },
        "EvaderAgent.Losses.PolicyLoss.mean": {
            "value": 0.09577517414709937,
            "min": 0.09566911653268571,
            "max": 0.5952699964172116,
            "count": 41
        },
        "EvaderAgent.Losses.PolicyLoss.sum": {
            "value": 0.09577517414709937,
            "min": 0.09566911653268571,
            "max": 0.5952699964172116,
            "count": 41
        },
        "EvaderAgent.Losses.ValueLoss.mean": {
            "value": 0.02501507111328013,
            "min": 0.0194327188247042,
            "max": 18.675077754545978,
            "count": 41
        },