{
    "name": "root",
    "gauges": {
        "ChaserAgent.Policy.Entropy.mean": {
            "value": 1.5910680294036865,
            "min": 1.418938398361206,
            "max": 1.5911399126052856,
            "count": 103
        },
        "ChaserAgent.Policy.Entropy.sum": {
            "value": 15586.1025390625,
            "min": 13015.8203125,
            "max": 16347.7783203125,
            "count": 103
        },
        "ChaserAgent.Environment.EpisodeLength.mean": {
            "value": 188.56756756756758,
            "min": 167.8918918918919,
            "max": 199.0,
            "count": 103
        },
        "ChaserAgent.Environment.EpisodeLength.sum": {
            "value": 6977.0,
            "min": 6169.0,
            "max": 12394.0,
            "count": 103
        },
        "ChaserAgent.Step.mean": {
            "value": 1029970.0,
            "min": 9961.0,
            "max": 1029970.0,
            "count": 103
        },
        "ChaserAgent.Step.sum": {
            "value": 1029970.0,
            "min": 9961.0,
            "max": 1029970.0,
            "count": 103
        },
        "ChaserAgent.Policy.ExtrinsicValueEstimate.mean": {
            "value": -10.137957572937012,
            "min": -10.481216430664062,
            "max": 25.477060317993164,
            "count": 103
        },
        "ChaserAgent.Policy.ExtrinsicValueEstimate.sum": {
            "value": -1916.073974609375,
            "min": -2232.4990234375,
            "max": 4789.6875,
            "count": 103
        },
        "ChaserAgent.Environment.CumulativeReward.mean": {
            "value": -17.859324555139285,
            "min": -19.49112916761829,
            "max": -14.768513684337204,
            "count": 103
        },
        "ChaserAgent.Environment.CumulativeReward.sum": {
            "value": -660.7950085401535,
            "min": -1208.450008392334,
            "max": -546.4350063204765,
            "count": 103
        },
        "ChaserAgent.Policy.ExtrinsicReward.mean": {
            "value": -17.859324555139285,
            "min": -19.49112916761829,
            "max": -14.768513684337204,
            "count": 103
        },
        "ChaserAgent.Policy.ExtrinsicReward.sum": {
            "value": -660.7950085401535,
            "min": -1208.450008392334,
            "max": -546.4350063204765,
            "count": 103
        },
        "ChaserAgent.IsTraining.mean": {
            "value": 0.0,
            "min": 0.0,
            "max": 1.0,
            "count": 103
        },
        "ChaserAgent.IsTraining.sum": {
            "value": 0.0,
            "min": 0.0,
            "max": 1.0,
            "count": 103
        },
        "EvaderAgent.Policy.Entropy.mean": {
            "value": 1.6549631357192993,
            "min": 1.4189382791519165,
            "max": 1.678426742553711,
            "count": 100
        },
        "EvaderAgent.Policy.Entropy.sum": {
            "value": 16384.134765625,
            "min": 12316.9052734375,
            "max": 16980.826171875,
            "count": 100
        },
        "EvaderAgent.Environment.EpisodeLength.mean": {
            "value": 186.953125,
            "min": 167.02777777777777,
            "max": 199.0,
            "count": 100
        },
        "EvaderAgent.Environment.EpisodeLength.sum": {
            "value": 11965.0,
            "min": 6013.0,
            "max": 11992.0,
            "count": 100
        },
        "EvaderAgent.Step.mean": {
            "value": 999965.0,
            "min": 9953.0,
            "max": 999965.0,
            "count": 100
        },
        "EvaderAgent.Step.sum": {
            "value": 999965.0,
            "min": 9953.0,
            "max": 999965.0,
            "count": 100
        },
        "EvaderAgent.Policy.ExtrinsicValueEstimate.mean": {
            "value": -0.8533778190612793,
            "min": -3.8845553398132324,
            "max": 6.439959526062012,
            "count": 100
        },
        "EvaderAgent.Policy.ExtrinsicValueEstimate.sum": {
            "value": -180.9160919189453,
            "min": -799.891357421875,
            "max": 1204.2724609375,
            "count": 100
        },
        "EvaderAgent.Environment.CumulativeReward.mean": {
            "value": -1.9770779872196727,
            "min": -11.845974124968052,
            "max": -1.7824097205503064,
            "count": 100
        },
        "EvaderAgent.Environment.CumulativeReward.sum": {
            "value": -126.53299118205905,
            "min": -746.6889525055885,
            "max": -70.03699688380584,
            "count": 100
        },
        "EvaderAgent.Policy.ExtrinsicReward.mean": {
            "value": -1.9770779872196727,
            "min": -11.845974124968052,
            "max": -1.7824097205503064,
            "count": 100
        },
        "EvaderAgent.Policy.ExtrinsicReward.sum": {
            "value": -126.53299118205905,
            "min": -746.6889525055885,
            "max": -70.03699688380584,
            "count": 100
        },
        "EvaderAgent.IsTraining.mean": {
            "value": 1.0,
            "min": 1.0,
            "max": 1.0,
            "count": 100
        },
        "EvaderAgent.IsTraining.sum": {
            "value": 1.0,
            "min": 1.0,
            "max": 1.0,
            "count": 100
        },
        "ChaserAgent.Losses.PolicyLoss.mean": {
            "value": 0.09324754982714456,
            "min": 0.05950041423743066,
            "max": 0.11926422046655148,
            "count": 82
        },
        "ChaserAgent.Losses.PolicyLoss.sum": {
            "value": 0.09324754982714456,
            "min": 0.05950041423743066,
            "max": 0.11926422046655148,
            "count": 82
        },
        "ChaserAgent.Losses.ValueLoss.mean": {
            "value": 0.6249759169406892,
            "min": 0.03418977018858683,
            "max": 3.4363311170044217,
            "count": 82
        },
        "ChaserAgent.Losses.ValueLoss.sum": {
            "value": 0.6249759169406892,
            "min": 0.03418977018858683,
            "max": 3.4363311170044217,
            "count": 82
        },
        "ChaserAgent.Policy.LearningRate.mean": {
            "value": 3.4353988548999963e-06,
            "min": 3.4353988548999963e-06,
            "max": 0.0002963973012009,
            "count": 82
        },
        "ChaserAgent.Policy.LearningRate.sum": {
            "value": 3.4353988548999963e-06,
            "min": 3.4353988548999963e-06,
            "max": 0.0002963973012009,
            "count": 82
        },
        "ChaserAgent.Policy.Epsilon.mean": {
            "value": 0.1011451,
            "min": 0.1011451,
            "max": 0.1987991,
            "count": 82
        },
        "ChaserAgent.Policy.Epsilon.sum": {
            "value": 0.1011451,
            "min": 0.1011451,
            "max": 0.1987991,
            "count": 82
        },
        "ChaserAgent.Policy.Beta.mean": {
            "value": 6.714048999999992e-05,
            "min": 6.714048999999992e-05,
            "max": 0.00494007509,
            "count": 82
        },
        "ChaserAgent.Policy.Beta.sum": {
            "value": 6.714048999999992e-05,
            "min": 6.714048999999992e-05,
            "max": 0.00494007509,
            "count": 82
        },
        "EvaderAgent.Losses.PolicyLoss.mean": {
            "value": 0.07816461050789639,
            "min": 0.07424023082569481,
            "max": 0.10740025430824773,
            "count": 83
        },
        "EvaderAgent.Losses.PolicyLoss.sum": {
            "value": 0.07816461050789639,
            "min": 0.07424023082569481,
            "max": 0.10740025430824773,
            "count": 83
        },
        "EvaderAgent.Losses.ValueLoss.mean": {
            "value": 0.1450929409256271,
            "min": 0.01974813932214271,
            "max": 1.4682531008852144,
            "count": 83
        },