{
    "name": "root",
    "gauges": {
        "MoveToGoal.Policy.Entropy.mean": {
            "value": 1.4145978689193726,
            "min": 1.4145978689193726,
            "max": 1.4145978689193726,
            "count": 1
        },
        "MoveToGoal.Policy.Entropy.sum": {
            "value": 71544.703125,
            "min": 71544.703125,
            "max": 71544.703125,
            "count": 1
        },
        "MoveToGoal.Environment.EpisodeLength.mean": {
            "value": 110.7637614678899,
            "min": 110.7637614678899,
            "max": 110.7637614678899,
            "count": 1
        },
        "MoveToGoal.Environment.EpisodeLength.sum": {
            "value": 48293.0,
            "min": 48293.0,
            "max": 48293.0,
            "count": 1
        },
        "MoveToGoal.Step.mean": {
            "value": 49945.0,
            "min": 49945.0,
            "max": 49945.0,
            "count": 1
        },
        "MoveToGoal.Step.sum": {
            "value": 49945.0,
            "min": 49945.0,
            "max": 49945.0,
            "count": 1
        },
        "MoveToGoal.Policy.ExtrinsicValueEstimate.mean": {
            "value": 0.007849625311791897,
            "min": 0.007849625311791897,
            "max": 0.007849625311791897,
            "count": 1
        },
        "MoveToGoal.Policy.ExtrinsicValueEstimate.sum": {
            "value": 8.179309844970703,
            "min": 8.179309844970703,
            "max": 8.179309844970703,
            "count": 1
        },
        "MoveToGoal.Environment.CumulativeReward.mean": {
            "value": -0.6697247706422018,
            "min": -0.6697247706422018,
            "max": -0.6697247706422018,
            "count": 1
        },
        "MoveToGoal.Environment.CumulativeReward.sum": {
            "value": -292.0,
            "min": -292.0,
            "max": -292.0,
            "count": 1
        },
        "MoveToGoal.Policy.ExtrinsicReward.mean": {
            "value": -0.6697247706422018,
            "min": -0.6697247706422018,
            "max": -0.6697247706422018,
            "count": 1
        },
        "MoveToGoal.Policy.ExtrinsicReward.sum": {
            "value": -292.0,
            "min": -292.0,
            "max": -292.0,
            "count": 1
        },
        "MoveToGoal.Losses.PolicyLoss.mean": {
            "value": 0.026603325085792072,
            "min": 0.026603325085792072,
            "max": 0.026603325085792072,
            "count": 1
        },
        "MoveToGoal.Losses.PolicyLoss.sum": {
            "value": 0.10641330034316829,
            "min": 0.10641330034316829,
            "max": 0.10641330034316829,
            "count": 1
        },
        "MoveToGoal.Losses.ValueLoss.mean": {
            "value": 0.03304246949846856,
            "min": 0.03304246949846856,
            "max": 0.03304246949846856,
            "count": 1
        },
        "MoveToGoal.Losses.ValueLoss.sum": {
            "value": 0.13216987799387425,
            "min": 0.13216987799387425,
            "max": 0.13216987799387425,
            "count": 1
        },
        "MoveToGoal.Policy.LearningRate.mean": {
            "value": 0.0002846082051306,
            "min": 0.0002846082051306,
            "max": 0.0002846082051306,
            "count": 1
        },
        "MoveToGoal.Policy.LearningRate.sum": {
            "value": 0.0011384328205224,
            "min": 0.0011384328205224,
            "max": 0.0011384328205224,
            "count": 1
        },
        "MoveToGoal.Policy.Epsilon.mean": {
            "value": 0.1948694,
            "min": 0.1948694,
            "max": 0.1948694,
            "count": 1
        },
        "MoveToGoal.Policy.Epsilon.sum": {
            "value": 0.7794776,
            "min": 0.7794776,
            "max": 0.7794776,
            "count": 1
        },
        "MoveToGoal.Policy.Beta.mean": {
            "value": 0.00474398306,
            "min": 0.00474398306,
            "max": 0.00474398306,
            "count": 1
        },
        "MoveToGoal.Policy.Beta.sum": {
            "value": 0.01897593224,
            "min": 0.01897593224,
            "max": 0.01897593224,
            "count": 1
        },
        "MoveToGoal.IsTraining.mean": {
            "value": 1.0,
            "min": 1.0,
            "max": 1.0,
            "count": 1
        },
        "MoveToGoal.IsTraining.sum": {
            "value": 1.0,
            "min": 1.0,
            "max": 1.0,
            "count": 1
        }
    },
    "metadata": {
        "timer_format_version": "0.1.0",
        "start_time_seconds": "1744397352",
        "python_version": "3.10.0 (tags/v3.10.0:b494f59, Oct  4 2021, 19:00:18) [MSC v.1929 64 bit (AMD64)]",
        "command_line_arguments": "C:\\Users\\Ben\\Documents\\GitHub\\CS4210-Group-Project\\mlagents-env\\Scripts\\mlagents-learn --run-id=MoveToGoal5",
        "mlagents_version": "0.30.0",
        "mlagents_envs_version": "0.30.0",
        "communication_protocol_version": "1.5.0",
        "pytorch_version": "2.6.0+cpu",
        "numpy_version": "1.21.2",
        "end_time_seconds": "1744397475"
    },
    "total": 122.75576430000001,
    "count": 1,
    "self": 10.004908999999316,
    "children": {
        "run_training.setup": {
            "total": 0.017770200000086334,
            "count": 1,
            "self": 0.017770200000086334
        },
        "TrainerController.start_learning": {
            "total": 112.73308510000061,
            "count": 1,
            "self": 0.09032389999083534,
            "children": {
                "TrainerController._reset_env": {
                    "total": 6.509486500001003,
                    "count": 1,
                    "self": 6.509486500001003
                },
                "TrainerController.advance": {
                    "total": 106.06436090000898,
                    "count": 5353,
                    "self": 0.08016310015591444,
                    "children": {
                        "env_step": {
                            "total": 93.13629299988679,
                            "count": 5353,
                            "self": 89.86115889995017,
                            "children": {
                                "SubprocessEnvManager._take_step": {
                                    "total": 3.2192598999172333,
                                    "count": 5354,
                                    "self": 0.3078839999579941,
                                    "children": {
                                        "TorchPolicy.evaluate": {
                                            "total": 2.911375899959239,
                                            "count": 4998,
                                            "self": 2.911375899959239
                                        }
                                    }
                                },
                                "workers": {
                                    "total": 0.05587420001938881,
                                    "count": 5352,
                                    "self": 0.0,
                                    "children": {
                                        "worker_root": {
                                            "total": 74.45653479995599,
                                            "count": 5352,
                                            "is_parallel": true,
                                            "self": 22.595520799908627,
                                            "children": {
                                                "steps_from_proto": {
                                                    "total": 0.0006599000007554423,
                                                    "count": 2,
                                                    "is_parallel": true,
                                                    "self": 0.0002478000005794456,