{"count":1,"self":1136.0395263999999,"total":1141.4965184999999,"children":{"InitializeActuators":{"count":2,"self":0.0025258,"total":0.0025258,"children":null},"InitializeSensors":{"count":2,"self":0.0010061999999999998,"total":0.0010061999999999998,"children":null},"AgentSendState":{"count":14490,"self":0.053822299999999997,"total":0.7687414,"children":{"CollectObservations":{"count":5796,"self":0.68197449999999993,"total":0.68197449999999993,"children":null},"WriteActionMask":{"count":5796,"self":0.0066514999999999994,"total":0.0066514999999999994,"children":null},"RequestDecision":{"count":5796,"self":0.0262931,"total":0.0262931,"children":null}}},"DecideAction":{"count":14490,"self":1.3746576,"total":1.3746576,"children":null},"AgentAct":{"count":14490,"self":3.3100131999999998,"total":3.3100133,"children":null}},"gauges":{"ChaserAgent.CumulativeReward":{"count":95,"max":0.923000038,"min":-1.49899709,"runningAverage":0.7633895,"value":0.89199996,"weightedAverage":0.896048069},"EvaderAgent.CumulativeReward":{"count":95,"max":1.49999714,"min":-0.923000038,"runningAverage":-0.7633896,"value":-0.89199996,"weightedAverage":-0.8960482}},"metadata":{"timer_format_version":"0.1.0","start_time_seconds":"1745390750","unity_version":"6000.0.34f1","command_line_arguments":"C:\\Program Files\\Unity\\Hub\\Editor\\6000.0.34f1\\Editor\\Unity.exe -projectpath C:\\Users\\Ben\\Documents\\GitHub\\CS4210-Group-Project\\CS4210GroupProject -useHub -hubIPC -cloudEnvironment production","communication_protocol_version":"1.5.0","com.unity.ml-agents_version":"3.0.0","scene_name":"Tag","end_time_seconds":"1745391892"}}