{
    "name": "root",
    "gauges": {
        "EvaderAgent.Policy.Entropy.mean": {
            "value": 1.434077262878418,
            "min": 1.4189382791519165,
            "max": 1.4473176002502441,
            "count": 11
        },
        "EvaderAgent.Policy.Entropy.sum": {
            "value": 14981.8046875,
            "min": 13505.5556640625,
            "max": 16317.5791015625,
            "count": 11
        },
        "EvaderAgent.Environment.EpisodeLength.mean": {
            "value": 130.73239436619718,
            "min": 130.73239436619718,
            "max": 146.74603174603175,
            "count": 11
        },
        "EvaderAgent.Environment.EpisodeLength.sum": {
            "value": 9282.0,
            "min": 9245.0,
            "max": 12092.0,
            "count": 11
        },
        "EvaderAgent.Step.mean": {
            "value": 109973.0,
            "min": 9944.0,
            "max": 109973.0,
            "count": 11
        },
        "EvaderAgent.Step.sum": {
            "value": 109973.0,
            "min": 9944.0,
            "max": 109973.0,
            "count": 11
        },
        "EvaderAgent.Policy.ExtrinsicValueEstimate.mean": {
            "value": 4.2213616371154785,
            "min": -33.86793899536133,
            "max": 4.2213616371154785,
            "count": 11
        },
        "EvaderAgent.Policy.ExtrinsicValueEstimate.sum": {
            "value": 865.3790893554688,
            "min": -6875.19140625,
            "max": 865.3790893554688,
            "count": 11
        },
        "EvaderAgent.Environment.CumulativeReward.mean": {
            "value": -3.1110272373951657,
            "min": -3.217156137738909,
            "max": -2.4206143819368804,
            "count": 11
        },
        "EvaderAgent.Environment.CumulativeReward.sum": {
            "value": -220.88293385505676,
            "min": -238.0919051170349,
            "max": -157.33993482589722,
            "count": 11
        },
        "EvaderAgent.Policy.ExtrinsicReward.mean": {
            "value": -3.1110272373951657,
            "min": -3.217156137738909,
            "max": -2.4206143819368804,
            "count": 11
        },
        "EvaderAgent.Policy.ExtrinsicReward.sum": {
            "value": -220.88293385505676,
            "min": -238.0919051170349,
            "max": -157.33993482589722,
            "count": 11
        },
        "EvaderAgent.IsTraining.mean": {
            "value": 1.0,
            "min": 1.0,
            "max": 1.0,
            "count": 11
        },
        "EvaderAgent.IsTraining.sum": {
            "value": 1.0,
            "min": 1.0,
            "max": 1.0,
            "count": 11
        },
        "ChaserAgent.Policy.Entropy.mean": {
            "value": 1.4837368726730347,
            "min": 1.4189382791519165,
            "max": 1.4837368726730347,
            "count": 11
        },
        "ChaserAgent.Policy.Entropy.sum": {
            "value": 15500.599609375,
            "min": 13615.8857421875,
            "max": 16526.3203125,
            "count": 11
        },
        "ChaserAgent.Environment.EpisodeLength.mean": {
            "value": 130.73239436619718,
            "min": 130.73239436619718,
            "max": 146.74603174603175,
            "count": 11
        },
        "ChaserAgent.Environment.EpisodeLength.sum": {
            "value": 9282.0,
            "min": 9245.0,
            "max": 12092.0,
            "count": 11
        },
        "ChaserAgent.Step.mean": {
            "value": 109973.0,
            "min": 9944.0,
            "max": 109973.0,
            "count": 11
        },
        "ChaserAgent.Step.sum": {
            "value": 109973.0,
            "min": 9944.0,
            "max": 109973.0,
            "count": 11
        },
        "ChaserAgent.Policy.ExtrinsicValueEstimate.mean": {
            "value": -10.82249927520752,
            "min": -66.59849548339844,
            "max": -10.82249927520752,
            "count": 11
        },
        "ChaserAgent.Policy.ExtrinsicValueEstimate.sum": {
            "value": -2218.6123046875,
            "min": -13519.494140625,
            "max": -2218.6123046875,
            "count": 11
        },
        "ChaserAgent.Environment.CumulativeReward.mean": {
            "value": -19.684267423522304,
            "min": -19.684267423522304,
            "max": -11.05526755393391,
            "count": 11
        },
        "ChaserAgent.Environment.CumulativeReward.sum": {
            "value": -1397.5829870700836,
            "min": -1397.5829870700836,
            "max": -784.9239963293076,
            "count": 11
        },
        "ChaserAgent.Policy.ExtrinsicReward.mean": {
            "value": -19.684267423522304,
            "min": -19.684267423522304,
            "max": -11.05526755393391,
            "count": 11
        },
        "ChaserAgent.Policy.ExtrinsicReward.sum": {
            "value": -1397.5829870700836,
            "min": -1397.5829870700836,
            "max": -784.9239963293076,
            "count": 11
        },
        "ChaserAgent.IsTraining.mean": {
            "value": 1.0,
            "min": 1.0,
            "max": 1.0,
            "count": 11
        },
        "ChaserAgent.IsTraining.sum": {
            "value": 1.0,
            "min": 1.0,
            "max": 1.0,
            "count": 11
        },
        "EvaderAgent.Losses.PolicyLoss.mean": {
            "value": 0.10142312601288372,
            "min": 0.09600477287590149,
            "max": 0.10616257474835342,
            "count": 9
        },
        "EvaderAgent.Losses.PolicyLoss.sum": {
            "value": 0.10142312601288372,
            "min": 0.09600477287590149,
            "max": 0.10616257474835342,
            "count": 9
        },
        "EvaderAgent.Losses.ValueLoss.mean": {
            "value": 3.220599321864293,
            "min": 3.220599321864293,
            "max": 58.6235587088267,
            "count": 9
        },
        "EvaderAgent.Losses.ValueLoss.sum": {
            "value": 3.220599321864293,
            "min": 3.220599321864293,
            "max": 58.6235587088267,
            "count": 9
        },
        "EvaderAgent.Policy.LearningRate.mean": {
            "value": 0.00026708491097169994,
            "min": 0.00026708491097169994,
            "max": 0.0002961528012824,
            "count": 9
        },
        "EvaderAgent.Policy.LearningRate.sum": {
            "value": 0.00026708491097169994,
            "min": 0.00026708491097169994,
            "max": 0.0002961528012824,
            "count": 9
        },
        "EvaderAgent.Policy.Epsilon.mean": {
            "value": 0.18902829999999998,
            "min": 0.18902829999999998,
            "max": 0.19871759999999997,
            "count": 9
        },
        "EvaderAgent.Policy.Epsilon.sum": {
            "value": 0.18902829999999998,
            "min": 0.18902829999999998,
            "max": 0.19871759999999997,
            "count": 9
        },
        "EvaderAgent.Policy.Beta.mean": {
            "value": 0.004452512169999999,
            "min": 0.004452512169999999,
            "max": 0.0049360082399999995,
            "count": 9
        },
        "EvaderAgent.Policy.Beta.sum": {
            "value": 0.004452512169999999,
            "min": 0.004452512169999999,
            "max": 0.0049360082399999995,
            "count": 9
        },
        "ChaserAgent.Losses.PolicyLoss.mean": {
            "value": 0.11193655380803208,
            "min": 0.09890673841962362,
            "max": 0.13455919966221175,
            "count": 9
        },
        "ChaserAgent.Losses.PolicyLoss.sum": {
            "value": 0.11193655380803208,
            "min": 0.09890673841962362,
            "max": 0.13455919966221175,
            "count": 9
        },
        "ChaserAgent.Losses.ValueLoss.mean": {
            "value": 1.9414324971271177,
            "min": 1.9414324971271177,
            "max": 410.33241556803387,
            "count": 9
        },