{
    "name": "root",
    "gauges": {
        "MoveToGoal.Policy.Entropy.mean": {
            "value": 1.3875305652618408,
            "min": 1.3875305652618408,
            "max": 1.4083168506622314,
            "count": 2
        },
        "MoveToGoal.Policy.Entropy.sum": {
            "value": 69221.125,
            "min": 69221.125,
            "max": 71136.8984375,
            "count": 2
        },
        "MoveToGoal.Environment.EpisodeLength.mean": {
            "value": 198.82868525896416,
            "min": 96.57715430861724,
            "max": 198.82868525896416,
            "count": 2
        },
        "MoveToGoal.Environment.EpisodeLength.sum": {
            "value": 49906.0,
            "min": 48192.0,
            "max": 49906.0,
            "count": 2
        },
        "MoveToGoal.Step.mean": {
            "value": 99992.0,
            "min": 49971.0,
            "max": 99992.0,
            "count": 2
        },
        "MoveToGoal.Step.sum": {
            "value": 99992.0,
            "min": 49971.0,
            "max": 99992.0,
            "count": 2
        },
        "MoveToGoal.Policy.ExtrinsicValueEstimate.mean": {
            "value": 0.5783641934394836,
            "min": 0.5783641934394836,
            "max": 0.9209178686141968,
            "count": 2
        },
        "MoveToGoal.Policy.ExtrinsicValueEstimate.sum": {
            "value": 578.3641967773438,
            "min": 578.3641967773438,
            "max": 982.619384765625,
            "count": 2
        },
        "MoveToGoal.Environment.CumulativeReward.mean": {
            "value": -0.004,
            "min": -0.751503006012024,
            "max": -0.004,
            "count": 2
        },
        "MoveToGoal.Environment.CumulativeReward.sum": {
            "value": -1.0,
            "min": -375.0,
            "max": -1.0,
            "count": 2
        },
        "MoveToGoal.Policy.ExtrinsicReward.mean": {
            "value": -0.004,
            "min": -0.751503006012024,
            "max": -0.004,
            "count": 2
        },
        "MoveToGoal.Policy.ExtrinsicReward.sum": {
            "value": -1.0,
            "min": -375.0,
            "max": -1.0,
            "count": 2
        },
        "MoveToGoal.Losses.PolicyLoss.mean": {
            "value": 0.024155373719210428,
            "min": 0.024155373719210428,
            "max": 0.026973286436016982,
            "count": 2
        },
        "MoveToGoal.Losses.PolicyLoss.sum": {
            "value": 0.12077686859605213,
            "min": 0.10789314574406793,
            "max": 0.12077686859605213,
            "count": 2
        },
        "MoveToGoal.Losses.ValueLoss.mean": {
            "value": 0.005101779998512938,
            "min": 0.005101779998512938,
            "max": 0.17530381646162518,
            "count": 2
        },
        "MoveToGoal.Losses.ValueLoss.sum": {
            "value": 0.02550889999256469,
            "min": 0.02550889999256469,
            "max": 0.7012152658465007,
            "count": 2
        },
        "MoveToGoal.Policy.LearningRate.mean": {
            "value": 0.00025686241437919996,
            "min": 0.00025686241437919996,
            "max": 0.0002846089551303499,
            "count": 2
        },
        "MoveToGoal.Policy.LearningRate.sum": {
            "value": 0.0012843120718959997,
            "min": 0.0011384358205213997,
            "max": 0.0012843120718959997,
            "count": 2
        },
        "MoveToGoal.Policy.Epsilon.mean": {
            "value": 0.1856208,
            "min": 0.1856208,
            "max": 0.19486964999999998,
            "count": 2
        },
        "MoveToGoal.Policy.Epsilon.sum": {
            "value": 0.928104,
            "min": 0.7794785999999999,
            "max": 0.928104,
            "count": 2
        },
        "MoveToGoal.Policy.Beta.mean": {
            "value": 0.00428247792,
            "min": 0.00428247792,
            "max": 0.004743995535,
            "count": 2
        },
        "MoveToGoal.Policy.Beta.sum": {
            "value": 0.021412389599999998,
            "min": 0.01897598214,
            "max": 0.021412389599999998,
            "count": 2
        },
        "MoveToGoal.IsTraining.mean": {
            "value": 1.0,
            "min": 1.0,
            "max": 1.0,
            "count": 2
        },
        "MoveToGoal.IsTraining.sum": {
            "value": 1.0,
            "min": 1.0,
            "max": 1.0,
            "count": 2
        }
    },
    "metadata": {
        "timer_format_version": "0.1.0",
        "start_time_seconds": "1744397253",
        "python_version": "3.10.0 (tags/v3.10.0:b494f59, Oct  4 2021, 19:00:18) [MSC v.1929 64 bit (AMD64)]",
        "command_line_arguments": "C:\\Users\\Ben\\Documents\\GitHub\\CS4210-Group-Project\\mlagents-env\\Scripts\\mlagents-learn --run-id=MoveToGoal4",
        "mlagents_version": "0.30.0",
        "mlagents_envs_version": "0.30.0",
        "communication_protocol_version": "1.5.0",
        "pytorch_version": "2.6.0+cpu",
        "numpy_version": "1.21.2",
        "end_time_seconds": "1744397346"
    },
    "total": 93.04524500000116,
    "count": 1,
    "self": 0.004819200001293211,
    "children": {
        "run_training.setup": {
            "total": 0.015812400000868365,
            "count": 1,
            "self": 0.015812400000868365
        },
        "TrainerController.start_learning": {
            "total": 93.024613399999,
            "count": 1,
            "self": 0.16068540003652743,
            "children": {
                "TrainerController._reset_env": {
                    "total": 8.8451716999989,
                    "count": 1,
                    "self": 8.8451716999989
                },
                "TrainerController.advance": {
                    "total": 83.94553289996111,
                    "count": 9820,
                    "self": 0.1445288999020704,
                    "children": {
                        "env_step": {
                            "total": 58.39625660004276,
                            "count": 9820,
                            "self": 52.75310150000405,
                            "children": {
                                "SubprocessEnvManager._take_step": {
                                    "total": 5.540143400035959,
                                    "count": 9820,
                                    "self": 0.4296462999736832,
                                    "children": {
                                        "TorchPolicy.evaluate": {
                                            "total": 5.110497100062275,
                                            "count": 9117,
                                            "self": 5.110497100062275
                                        }
                                    }
                                },
                                "workers": {
                                    "total": 0.10301170000275306,
                                    "count": 9819,
                                    "self": 0.0,
                                    "children": {
                                        "worker_root": {
                                            "total": 79.05455290012469,
                                            "count": 9819,
                                            "is_parallel": true,
                                            "self": 41.73892060019716,
                                            "children": {
                                                "steps_from_proto": {
                                                    "total": 0.0005373000003601192,
                                                    "count": 1,
                                                    "is_parallel": true,
                                                    "self": 0.00015919999896141235,