{
    "name": "root",
    "gauges": {
        "ChaserAgent.Policy.Entropy.mean": {
            "value": 1.35885751247406,
            "min": 1.3588119745254517,
            "max": 1.452191710472107,
            "count": 100
        },
        "ChaserAgent.Policy.Entropy.sum": {
            "value": 13566.8330078125,
            "min": 13482.0625,
            "max": 15074.80078125,
            "count": 100
        },
        "ChaserAgent.Step.mean": {
            "value": 999987.0,
            "min": 9968.0,
            "max": 999987.0,
            "count": 100
        },
        "ChaserAgent.Step.sum": {
            "value": 999987.0,
            "min": 9968.0,
            "max": 999987.0,
            "count": 100
        },
        "ChaserAgent.Policy.ExtrinsicValueEstimate.mean": {
            "value": 4.0054402351379395,
            "min": -4.605935096740723,
            "max": 7.44786262512207,
            "count": 100
        },
        "ChaserAgent.Policy.ExtrinsicValueEstimate.sum": {
            "value": 1289.751708984375,
            "min": -925.7929077148438,
            "max": 2856.914306640625,
            "count": 100
        },
        "ChaserAgent.Environment.EpisodeLength.mean": {
            "value": 39.88353413654618,
            "min": 27.10335195530726,
            "max": 149.0,
            "count": 100
        },
        "ChaserAgent.Environment.EpisodeLength.sum": {
            "value": 9931.0,
            "min": 9336.0,
            "max": 10451.0,
            "count": 100
        },
        "ChaserAgent.Environment.CumulativeReward.mean": {
            "value": 7.102261861245478,
            "min": -10.984646450097744,
            "max": 9.490343413705933,
            "count": 100
        },
        "ChaserAgent.Environment.CumulativeReward.sum": {
            "value": 1761.3609415888786,
            "min": -733.2760174274445,
            "max": 3397.542942106724,
            "count": 100
        },
        "ChaserAgent.Policy.ExtrinsicReward.mean": {
            "value": 7.102261861245478,
            "min": -10.984646450097744,
            "max": 9.490343413705933,
            "count": 100
        },
        "ChaserAgent.Policy.ExtrinsicReward.sum": {
            "value": 1761.3609415888786,
            "min": -733.2760174274445,
            "max": 3397.542942106724,
            "count": 100
        },
        "ChaserAgent.IsTraining.mean": {
            "value": 1.0,
            "min": 1.0,
            "max": 1.0,
            "count": 100
        },
        "ChaserAgent.IsTraining.sum": {
            "value": 1.0,
            "min": 1.0,
            "max": 1.0,
            "count": 100
        },
        "EvaderAgent.Policy.Entropy.mean": {
            "value": 1.3559696674346924,
            "min": 1.3559696674346924,
            "max": 1.4358901977539062,
            "count": 100
        },
        "EvaderAgent.Policy.Entropy.sum": {
            "value": 13538.0009765625,
            "min": 13433.927734375,
            "max": 15074.80078125,
            "count": 100
        },
        "EvaderAgent.Step.mean": {
            "value": 999987.0,
            "min": 9968.0,
            "max": 999987.0,
            "count": 100
        },
        "EvaderAgent.Step.sum": {
            "value": 999987.0,
            "min": 9968.0,
            "max": 999987.0,
            "count": 100
        },
        "EvaderAgent.Policy.ExtrinsicValueEstimate.mean": {
            "value": -4.263237953186035,
            "min": -7.638272285461426,
            "max": 4.569478511810303,
            "count": 100
        },
        "EvaderAgent.Policy.ExtrinsicValueEstimate.sum": {
            "value": -1372.7625732421875,
            "min": -2940.73486328125,
            "max": 918.4651489257812,
            "count": 100
        },
        "EvaderAgent.Environment.EpisodeLength.mean": {
            "value": 39.88353413654618,
            "min": 27.10335195530726,
            "max": 149.0,
            "count": 100
        },
        "EvaderAgent.Environment.EpisodeLength.sum": {
            "value": 9931.0,
            "min": 9336.0,
            "max": 10451.0,
            "count": 100
        },
        "EvaderAgent.Environment.CumulativeReward.mean": {
            "value": -7.45439900366229,
            "min": -9.615807098123199,
            "max": 10.063400232075498,
            "count": 100
        },
        "EvaderAgent.Environment.CumulativeReward.sum": {
            "value": -1848.6909529082477,
            "min": -3442.458941128105,
            "max": 686.2060167826712,
            "count": 100
        },
        "EvaderAgent.Policy.ExtrinsicReward.mean": {
            "value": -7.45439900366229,
            "min": -9.615807098123199,
            "max": 10.063400232075498,
            "count": 100
        },
        "EvaderAgent.Policy.ExtrinsicReward.sum": {
            "value": -1848.6909529082477,
            "min": -3442.458941128105,
            "max": 686.2060167826712,
            "count": 100
        },
        "EvaderAgent.IsTraining.mean": {
            "value": 1.0,
            "min": 1.0,
            "max": 1.0,
            "count": 100
        },
        "EvaderAgent.IsTraining.sum": {
            "value": 1.0,
            "min": 1.0,
            "max": 1.0,
            "count": 100
        },
        "ChaserAgent.Losses.PolicyLoss.mean": {
            "value": 0.09789912661468174,
            "min": 0.09250476303943657,
            "max": 0.10590234707207577,
            "count": 83
        },
        "ChaserAgent.Losses.PolicyLoss.sum": {
            "value": 0.09789912661468174,
            "min": 0.09250476303943657,
            "max": 0.10590234707207577,
            "count": 83
        },
        "ChaserAgent.Losses.ValueLoss.mean": {
            "value": 2.7635737497967185,
            "min": 1.3801259693827435,
            "max": 5.652808582294009,
            "count": 83
        },
        "ChaserAgent.Losses.ValueLoss.sum": {
            "value": 2.7635737497967185,
            "min": 1.3801259693827435,
            "max": 5.652808582294009,
            "count": 83
        },
        "ChaserAgent.Policy.LearningRate.mean": {
            "value": 4.464998512000135e-07,
            "min": 4.464998512000135e-07,
            "max": 0.0002963856012048,
            "count": 83
        },
        "ChaserAgent.Policy.LearningRate.sum": {
            "value": 4.464998512000135e-07,
            "min": 4.464998512000135e-07,
            "max": 0.0002963856012048,
            "count": 83
        },
        "ChaserAgent.Policy.Epsilon.mean": {
            "value": 0.10014880000000004,
            "min": 0.10014880000000004,
            "max": 0.19879519999999998,
            "count": 83
        },
        "ChaserAgent.Policy.Epsilon.sum": {
            "value": 0.10014880000000004,
            "min": 0.10014880000000004,
            "max": 0.19879519999999998,
            "count": 83
        },
        "ChaserAgent.Policy.Beta.mean": {
            "value": 1.7425120000000225e-05,
            "min": 1.7425120000000225e-05,
            "max": 0.0049398804800000005,
            "count": 83
        },
        "ChaserAgent.Policy.Beta.sum": {
            "value": 1.7425120000000225e-05,
            "min": 1.7425120000000225e-05,
            "max": 0.0049398804800000005,
            "count": 83
        },
        "EvaderAgent.Losses.PolicyLoss.mean": {
            "value": 0.10246150628481959,
            "min": 0.09181102809667216,
            "max": 0.10658836820031684,
            "count": 83
        },
        "EvaderAgent.Losses.PolicyLoss.sum": {
            "value": 0.10246150628481959,
            "min": 0.09181102809667216,
            "max": 0.10658836820031684,
            "count": 83
        },
        "EvaderAgent.Losses.ValueLoss.mean": {
            "value": 2.5666064333619802,
            "min": 1.34821770307002,
            "max": 5.538049920994967,
            "count": 83
        },