{
    "name": "root",
    "gauges": {
        "ChaserAgent.Policy.Entropy.mean": {
            "value": 1.4189382791519165,
            "min": 1.4189382791519165,
            "max": 1.4189382791519165,
            "count": 1
        },
        "ChaserAgent.Policy.Entropy.sum": {
            "value": 14263.16796875,
            "min": 14263.16796875,
            "max": 14263.16796875,
            "count": 1
        },
        "ChaserAgent.Step.mean": {
            "value": 9988.0,
            "min": 9988.0,
            "max": 9988.0,
            "count": 1
        },
        "ChaserAgent.Step.sum": {
            "value": 9988.0,
            "min": 9988.0,
            "max": 9988.0,
            "count": 1
        },
        "ChaserAgent.Policy.ExtrinsicValueEstimate.mean": {
            "value": 31.900314331054688,
            "min": 31.900314331054688,
            "max": 31.900314331054688,
            "count": 1
        },
        "ChaserAgent.Policy.ExtrinsicValueEstimate.sum": {
            "value": 6571.46484375,
            "min": 6571.46484375,
            "max": 6571.46484375,
            "count": 1
        },
        "ChaserAgent.Environment.EpisodeLength.mean": {
            "value": 167.20338983050848,
            "min": 167.20338983050848,
            "max": 167.20338983050848,
            "count": 1
        },
        "ChaserAgent.Environment.EpisodeLength.sum": {
            "value": 9865.0,
            "min": 9865.0,
            "max": 9865.0,
            "count": 1
        },
        "ChaserAgent.Environment.CumulativeReward.mean": {
            "value": -8.19288085375802,
            "min": -8.19288085375802,
            "max": -8.19288085375802,
            "count": 1
        },
        "ChaserAgent.Environment.CumulativeReward.sum": {
            "value": -483.3799703717232,
            "min": -483.3799703717232,
            "max": -483.3799703717232,
            "count": 1
        },
        "ChaserAgent.Policy.ExtrinsicReward.mean": {
            "value": -8.19288085375802,
            "min": -8.19288085375802,
            "max": -8.19288085375802,
            "count": 1
        },
        "ChaserAgent.Policy.ExtrinsicReward.sum": {
            "value": -483.3799703717232,
            "min": -483.3799703717232,
            "max": -483.3799703717232,
            "count": 1
        },
        "ChaserAgent.IsTraining.mean": {
            "value": 1.0,
            "min": 1.0,
            "max": 1.0,
            "count": 1
        },
        "ChaserAgent.IsTraining.sum": {
            "value": 1.0,
            "min": 1.0,
            "max": 1.0,
            "count": 1
        },
        "EvaderAgent.Policy.Entropy.mean": {
            "value": 1.4189382791519165,
            "min": 1.4189382791519165,
            "max": 1.4189382791519165,
            "count": 1
        },
        "EvaderAgent.Policy.Entropy.sum": {
            "value": 14263.16796875,
            "min": 14263.16796875,
            "max": 14263.16796875,
            "count": 1
        },
        "EvaderAgent.Step.mean": {
            "value": 9988.0,
            "min": 9988.0,
            "max": 9988.0,
            "count": 1
        },
        "EvaderAgent.Step.sum": {
            "value": 9988.0,
            "min": 9988.0,
            "max": 9988.0,
            "count": 1
        },
        "EvaderAgent.Policy.ExtrinsicValueEstimate.mean": {
            "value": -27.92742919921875,
            "min": -27.92742919921875,
            "max": -27.92742919921875,
            "count": 1
        },
        "EvaderAgent.Policy.ExtrinsicValueEstimate.sum": {
            "value": -5753.05029296875,
            "min": -5753.05029296875,
            "max": -5753.05029296875,
            "count": 1
        },
        "EvaderAgent.Environment.EpisodeLength.mean": {
            "value": 167.20338983050848,
            "min": 167.20338983050848,
            "max": 167.20338983050848,
            "count": 1
        },
        "EvaderAgent.Environment.EpisodeLength.sum": {
            "value": 9865.0,
            "min": 9865.0,
            "max": 9865.0,
            "count": 1
        },
        "EvaderAgent.Environment.CumulativeReward.mean": {
            "value": 8.19288085375802,
            "min": 8.19288085375802,
            "max": 8.19288085375802,
            "count": 1
        },
        "EvaderAgent.Environment.CumulativeReward.sum": {
            "value": 483.3799703717232,
            "min": 483.3799703717232,
            "max": 483.3799703717232,
            "count": 1
        },
        "EvaderAgent.Policy.ExtrinsicReward.mean": {
            "value": 8.19288085375802,
            "min": 8.19288085375802,
            "max": 8.19288085375802,
            "count": 1
        },
        "EvaderAgent.Policy.ExtrinsicReward.sum": {
            "value": 483.3799703717232,
            "min": 483.3799703717232,
            "max": 483.3799703717232,
            "count": 1
        },
        "EvaderAgent.IsTraining.mean": {
            "value": 1.0,
            "min": 1.0,
            "max": 1.0,
            "count": 1
        },
        "EvaderAgent.IsTraining.sum": {
            "value": 1.0,
            "min": 1.0,
            "max": 1.0,
            "count": 1
        }
    },
    "metadata": {
        "timer_format_version": "0.1.0",
        "start_time_seconds": "1745278257",
        "python_version": "3.10.0 (tags/v3.10.0:b494f59, Oct  4 2021, 19:00:18) [MSC v.1929 64 bit (AMD64)]",
        "command_line_arguments": "C:\\Users\\Ben\\Documents\\GitHub\\CS4210-Group-Project\\mlagents-env\\Scripts\\mlagents-learn training.yaml --run-id=Tag_2 --time-scale=20",
        "mlagents_version": "0.30.0",
        "mlagents_envs_version": "0.30.0",
        "communication_protocol_version": "1.5.0",
        "pytorch_version": "2.6.0+cpu",
        "numpy_version": "1.21.2",
        "end_time_seconds": "1745278408"
    },
    "total": 151.51500680000026,
    "count": 1,
    "self": 0.006953100000828272,
    "children": {
        "run_training.setup": {
            "total": 0.07053679999989981,
            "count": 1,
            "self": 0.07053679999989981
        },
        "TrainerController.start_learning": {
            "total": 151.43751689999954,
            "count": 1,
            "self": 0.23725109996303217,
            "children": {
                "TrainerController._reset_env": {
                    "total": 6.33399079999981,
                    "count": 1,
                    "self": 6.33399079999981
                },
                "TrainerController.advance": {
                    "total": 144.75158070003818,
                    "count": 15313,
                    "self": 0.25315629997749056,
                    "children": {
                        "env_step": {
                            "total": 135.68085430009705,
                            "count": 15313,
                            "self": 120.27494630007823,
                            "children": {
                                "SubprocessEnvManager._take_step": {
                                    "total": 15.261247399994318,
                                    "count": 15313,
                                    "self": 1.0983686000690795,
                                    "children": {
                                        "TorchPolicy.evaluate": {
                                            "total": 14.162878799925238,
                                            "count": 30482,
                                            "self": 14.162878799925238
                                        }
                                    }
                                },
                                "workers": {
                                    "total": 0.1446606000245083,
                                    "count": 15312,
                                    "self": 0.0,