{
    "name": "root",
    "gauges": {
        "ChaserAgent.Policy.Entropy.mean": {
            "value": 1.5376585721969604,
            "min": 1.4189382791519165,
            "max": 1.5420016050338745,
            "count": 100
        },
        "ChaserAgent.Policy.Entropy.sum": {
            "value": 15062.9033203125,
            "min": 14490.537109375,
            "max": 15870.6787109375,
            "count": 100
        },
        "ChaserAgent.Environment.EpisodeLength.mean": {
            "value": 109.73333333333333,
            "min": 98.62857142857143,
            "max": 152.2608695652174,
            "count": 100
        },
        "ChaserAgent.Environment.EpisodeLength.sum": {
            "value": 9876.0,
            "min": 6795.0,
            "max": 11631.0,
            "count": 100
        },
        "ChaserAgent.Step.mean": {
            "value": 999986.0,
            "min": 9981.0,
            "max": 999986.0,
            "count": 100
        },
        "ChaserAgent.Step.sum": {
            "value": 999986.0,
            "min": 9981.0,
            "max": 999986.0,
            "count": 100
        },
        "ChaserAgent.Policy.ExtrinsicValueEstimate.mean": {
            "value": -3.086487293243408,
            "min": -10.72911262512207,
            "max": -1.7650176286697388,
            "count": 100
        },
        "ChaserAgent.Policy.ExtrinsicValueEstimate.sum": {
            "value": -660.50830078125,
            "min": -2124.3642578125,
            "max": -395.36395263671875,
            "count": 100
        },
        "ChaserAgent.Environment.CumulativeReward.mean": {
            "value": -3.013111293150319,
            "min": -6.786662046085386,
            "max": -2.029230124205351,
            "count": 100
        },
        "ChaserAgent.Environment.CumulativeReward.sum": {
            "value": -271.1800163835287,
            "min": -466.1700197458267,
            "max": -202.9230124205351,
            "count": 100
        },
        "ChaserAgent.Policy.ExtrinsicReward.mean": {
            "value": -3.013111293150319,
            "min": -6.786662046085386,
            "max": -2.029230124205351,
            "count": 100
        },
        "ChaserAgent.Policy.ExtrinsicReward.sum": {
            "value": -271.1800163835287,
            "min": -466.1700197458267,
            "max": -202.9230124205351,
            "count": 100
        },
        "ChaserAgent.IsTraining.mean": {
            "value": 1.0,
            "min": 1.0,
            "max": 1.0,
            "count": 100
        },
        "ChaserAgent.IsTraining.sum": {
            "value": 1.0,
            "min": 1.0,
            "max": 1.0,
            "count": 100
        },
        "EvaderAgent.Policy.Entropy.mean": {
            "value": 1.5199166536331177,
            "min": 1.41415536403656,
            "max": 1.5396827459335327,
            "count": 100
        },
        "EvaderAgent.Policy.Entropy.sum": {
            "value": 14889.103515625,
            "min": 13931.1533203125,
            "max": 15893.482421875,
            "count": 100
        },
        "EvaderAgent.Environment.EpisodeLength.mean": {
            "value": 109.73333333333333,
            "min": 98.62857142857143,
            "max": 152.2608695652174,
            "count": 100
        },
        "EvaderAgent.Environment.EpisodeLength.sum": {
            "value": 9876.0,
            "min": 6795.0,
            "max": 11631.0,
            "count": 100
        },
        "EvaderAgent.Step.mean": {
            "value": 999986.0,
            "min": 9981.0,
            "max": 999986.0,
            "count": 100
        },
        "EvaderAgent.Step.sum": {
            "value": 999986.0,
            "min": 9981.0,
            "max": 999986.0,
            "count": 100
        },
        "EvaderAgent.Policy.ExtrinsicValueEstimate.mean": {
            "value": -1.2247352600097656,
            "min": -2.5340633392333984,
            "max": 27.725753784179688,
            "count": 100
        },
        "EvaderAgent.Policy.ExtrinsicValueEstimate.sum": {
            "value": -262.0933532714844,
            "min": -534.6873779296875,
            "max": 5489.69921875,
            "count": 100
        },
        "EvaderAgent.Environment.CumulativeReward.mean": {
            "value": -2.394111129269004,
            "min": -6.415791782860954,
            "max": -0.6141999781690538,
            "count": 100
        },
        "EvaderAgent.Environment.CumulativeReward.sum": {
            "value": -215.47000163421035,
            "min": -461.93700836598873,
            "max": -30.70999890845269,
            "count": 100
        },
        "EvaderAgent.Policy.ExtrinsicReward.mean": {
            "value": -2.394111129269004,
            "min": -6.415791782860954,
            "max": -0.6141999781690538,
            "count": 100
        },
        "EvaderAgent.Policy.ExtrinsicReward.sum": {
            "value": -215.47000163421035,
            "min": -461.93700836598873,
            "max": -30.70999890845269,
            "count": 100
        },
        "EvaderAgent.IsTraining.mean": {
            "value": 1.0,
            "min": 1.0,
            "max": 1.0,
            "count": 100
        },
        "EvaderAgent.IsTraining.sum": {
            "value": 1.0,
            "min": 1.0,
            "max": 1.0,
            "count": 100
        },
        "ChaserAgent.Losses.PolicyLoss.mean": {
            "value": 0.10336422237958957,
            "min": 0.09173348501030726,
            "max": 0.14161965045466993,
            "count": 83
        },
        "ChaserAgent.Losses.PolicyLoss.sum": {
            "value": 0.10336422237958957,
            "min": 0.09173348501030726,
            "max": 0.14161965045466993,
            "count": 83
        },
        "ChaserAgent.Losses.ValueLoss.mean": {
            "value": 0.27020381622888306,
            "min": 0.19957748396943012,
            "max": 24.863340872494295,
            "count": 83
        },
        "ChaserAgent.Losses.ValueLoss.sum": {
            "value": 0.27020381622888306,
            "min": 0.19957748396943012,
            "max": 24.863340872494295,
            "count": 83
        },
        "ChaserAgent.Policy.LearningRate.mean": {
            "value": 6.189997940001185e-08,
            "min": 6.189997940001185e-08,
            "max": 0.0002963967012011,
            "count": 83
        },
        "ChaserAgent.Policy.LearningRate.sum": {
            "value": 6.189997940001185e-08,
            "min": 6.189997940001185e-08,
            "max": 0.0002963967012011,
            "count": 83
        },
        "ChaserAgent.Policy.Epsilon.mean": {
            "value": 0.10002060000000002,
            "min": 0.10002060000000002,
            "max": 0.1987989,
            "count": 83
        },
        "ChaserAgent.Policy.Epsilon.sum": {
            "value": 0.10002060000000002,
            "min": 0.10002060000000002,
            "max": 0.1987989,
            "count": 83
        },
        "ChaserAgent.Policy.Beta.mean": {
            "value": 1.1027940000000198e-05,
            "min": 1.1027940000000198e-05,
            "max": 0.00494006511,
            "count": 83
        },
        "ChaserAgent.Policy.Beta.sum": {
            "value": 1.1027940000000198e-05,
            "min": 1.1027940000000198e-05,
            "max": 0.00494006511,
            "count": 83
        },
        "EvaderAgent.Losses.PolicyLoss.mean": {
            "value": 0.09580813098578311,
            "min": 0.09399663779051201,
            "max": 0.282716761788091,
            "count": 83
        },
        "EvaderAgent.Losses.PolicyLoss.sum": {
            "value": 0.09580813098578311,
            "min": 0.09399663779051201,
            "max": 0.282716761788091,
            "count": 83
        },
        "EvaderAgent.Losses.ValueLoss.mean": {
            "value": 0.1312170299496634,
            "min": 0.09466487246215449,
            "max": 195.02456985310437,
            "count": 83
        },