{
    "name": "root",
    "gauges": {
        "EvaderAgent.Policy.Entropy.mean": {
            "value": 1.4021751880645752,
            "min": 1.401557207107544,
            "max": 1.4417760372161865,
            "count": 50
        },
        "EvaderAgent.Policy.Entropy.sum": {
            "value": 14089.056640625,
            "min": 13736.330078125,
            "max": 14870.4736328125,
            "count": 50
        },
        "EvaderAgent.Environment.EpisodeLength.mean": {
            "value": 88.98198198198199,
            "min": 80.67768595041322,
            "max": 122.85185185185185,
            "count": 50
        },
        "EvaderAgent.Environment.EpisodeLength.sum": {
            "value": 9877.0,
            "min": 8964.0,
            "max": 10546.0,
            "count": 50
        },
        "EvaderAgent.Step.mean": {
            "value": 499967.0,
            "min": 9942.0,
            "max": 499967.0,
            "count": 50
        },
        "EvaderAgent.Step.sum": {
            "value": 499967.0,
            "min": 9942.0,
            "max": 499967.0,
            "count": 50
        },
        "EvaderAgent.Policy.ExtrinsicValueEstimate.mean": {
            "value": -0.2830721139907837,
            "min": -0.4212115705013275,
            "max": 0.02090584486722946,
            "count": 50
        },
        "EvaderAgent.Policy.ExtrinsicValueEstimate.sum": {
            "value": -61.143577575683594,
            "min": -95.19381713867188,
            "max": 4.306603908538818,
            "count": 50
        },
        "EvaderAgent.Environment.CumulativeReward.mean": {
            "value": -0.3630540264216629,
            "min": -0.4460495661420763,
            "max": 0.06669516107294618,
            "count": 50
        },
        "EvaderAgent.Environment.CumulativeReward.sum": {
            "value": -40.298996932804585,
            "min": -53.97199750319123,
            "max": 5.4690032079815865,
            "count": 50
        },
        "EvaderAgent.Policy.ExtrinsicReward.mean": {
            "value": -0.3630540264216629,
            "min": -0.4460495661420763,
            "max": 0.06669516107294618,
            "count": 50
        },
        "EvaderAgent.Policy.ExtrinsicReward.sum": {
            "value": -40.298996932804585,
            "min": -53.97199750319123,
            "max": 5.4690032079815865,
            "count": 50
        },
        "EvaderAgent.IsTraining.mean": {
            "value": 1.0,
            "min": 1.0,
            "max": 1.0,
            "count": 50
        },
        "EvaderAgent.IsTraining.sum": {
            "value": 1.0,
            "min": 1.0,
            "max": 1.0,
            "count": 50
        },
        "ChaserAgent.Policy.Entropy.mean": {
            "value": 1.445406198501587,
            "min": 1.4189382791519165,
            "max": 1.4671903848648071,
            "count": 50
        },
        "ChaserAgent.Policy.Entropy.sum": {
            "value": 14523.44140625,
            "min": 14112.443359375,
            "max": 14883.1787109375,
            "count": 50
        },
        "ChaserAgent.Environment.EpisodeLength.mean": {
            "value": 88.98198198198199,
            "min": 80.67768595041322,
            "max": 122.85185185185185,
            "count": 50
        },
        "ChaserAgent.Environment.EpisodeLength.sum": {
            "value": 9877.0,
            "min": 8964.0,
            "max": 10546.0,
            "count": 50
        },
        "ChaserAgent.Step.mean": {
            "value": 499967.0,
            "min": 9942.0,
            "max": 499967.0,
            "count": 50
        },
        "ChaserAgent.Step.sum": {
            "value": 499967.0,
            "min": 9942.0,
            "max": 499967.0,
            "count": 50
        },
        "ChaserAgent.Policy.ExtrinsicValueEstimate.mean": {
            "value": 0.0712161511182785,
            "min": -10.601563453674316,
            "max": 0.325369268655777,
            "count": 50
        },
        "ChaserAgent.Policy.ExtrinsicValueEstimate.sum": {
            "value": 15.382688522338867,
            "min": -2215.726806640625,
            "max": 73.85882568359375,
            "count": 50
        },
        "ChaserAgent.Environment.CumulativeReward.mean": {
            "value": 0.3630540264216629,
            "min": -0.06669516107294618,
            "max": 0.4460495661420763,
            "count": 50
        },
        "ChaserAgent.Environment.CumulativeReward.sum": {
            "value": 40.298996932804585,
            "min": -5.4690032079815865,
            "max": 53.97199750319123,
            "count": 50
        },
        "ChaserAgent.Policy.ExtrinsicReward.mean": {
            "value": 0.3630540264216629,
            "min": -0.06669516107294618,
            "max": 0.4460495661420763,
            "count": 50
        },
        "ChaserAgent.Policy.ExtrinsicReward.sum": {
            "value": 40.298996932804585,
            "min": -5.4690032079815865,
            "max": 53.97199750319123,
            "count": 50
        },
        "ChaserAgent.IsTraining.mean": {
            "value": 1.0,
            "min": 1.0,
            "max": 1.0,
            "count": 50
        },
        "ChaserAgent.IsTraining.sum": {
            "value": 1.0,
            "min": 1.0,
            "max": 1.0,
            "count": 50
        },
        "EvaderAgent.Losses.PolicyLoss.mean": {
            "value": 0.10547713031381342,
            "min": 0.09403751560639584,
            "max": 0.1061355052631454,
            "count": 41
        },
        "EvaderAgent.Losses.PolicyLoss.sum": {
            "value": 0.10547713031381342,
            "min": 0.09403751560639584,
            "max": 0.1061355052631454,
            "count": 41
        },
        "EvaderAgent.Losses.ValueLoss.mean": {
            "value": 0.029907020393441966,
            "min": 0.025946929826275677,
            "max": 0.4036088544637599,
            "count": 41
        },
        "EvaderAgent.Losses.ValueLoss.sum": {
            "value": 0.029907020393441966,
            "min": 0.025946929826275677,
            "max": 0.4036088544637599,
            "count": 41
        },
        "EvaderAgent.Policy.LearningRate.mean": {
            "value": 3.892898702399996e-06,
            "min": 3.892898702399996e-06,
            "max": 0.0002927760024079999,
            "count": 41
        },
        "EvaderAgent.Policy.LearningRate.sum": {
            "value": 3.892898702399996e-06,
            "min": 3.892898702399996e-06,
            "max": 0.0002927760024079999,
            "count": 41
        },
        "EvaderAgent.Policy.Epsilon.mean": {
            "value": 0.1012976,
            "min": 0.1012976,
            "max": 0.19759200000000002,
            "count": 41
        },
        "EvaderAgent.Policy.Epsilon.sum": {
            "value": 0.1012976,
            "min": 0.1012976,
            "max": 0.19759200000000002,
            "count": 41
        },
        "EvaderAgent.Policy.Beta.mean": {
            "value": 7.475023999999995e-05,
            "min": 7.475023999999995e-05,
            "max": 0.0048798408,
            "count": 41
        },
        "EvaderAgent.Policy.Beta.sum": {
            "value": 7.475023999999995e-05,
            "min": 7.475023999999995e-05,
            "max": 0.0048798408,
            "count": 41
        },
        "ChaserAgent.Losses.PolicyLoss.mean": {
            "value": 0.1023030656824179,
            "min": 0.09354081736386168,
            "max": 0.11074747027349517,
            "count": 41
        },
        "ChaserAgent.Losses.PolicyLoss.sum": {
            "value": 0.1023030656824179,
            "min": 0.09354081736386168,
            "max": 0.11074747027349517,
            "count": 41
        },
        "ChaserAgent.Losses.ValueLoss.mean": {
            "value": 0.03159825747555241,
            "min": 0.029924988656997043,
            "max": 11.436478089778982,
            "count": 41
        },